Course Name,Level,English Word,Polish Word
Basic Vocabulary,1,the,ten
Basic Vocabulary,1,be,być
Basic Vocabulary,1,and,i
Basic Vocabulary,1,of,z
Basic Vocabulary,1,a,pewien
Basic Vocabulary,1,in,w
Basic Vocabulary,1,to,do
Basic Vocabulary,1,have,mieć
Basic Vocabulary,1,to,do
Basic Vocabulary,1,it,to
Basic Vocabulary,1,I,ja
Basic Vocabulary,1,that,że
Basic Vocabulary,1,for,do
Basic Vocabulary,1,you,ty
Basic Vocabulary,1,he,on
Basic Vocabulary,1,with,z
Basic Vocabulary,1,on,na
Basic Vocabulary,1,do,zrobić
Basic Vocabulary,1,say,powiedzieć
Basic Vocabulary,1,this,ten
Basic Vocabulary,1,they,oni
Basic Vocabulary,1,at,na
Basic Vocabulary,1,but,ale
Basic Vocabulary,1,we,my
Basic Vocabulary,1,his,jego
Basic Vocabulary,1,from,z
Basic Vocabulary,1,that,że
Basic Vocabulary,1,not,nie
Basic Vocabulary,1,by,przez
Basic Vocabulary,1,she,ona
Basic Vocabulary,1,or,lub
Basic Vocabulary,1,as,jak
Basic Vocabulary,1,what,co
Basic Vocabulary,1,go,iść
Basic Vocabulary,1,their,ich
Basic Vocabulary,1,can,móc
Basic Vocabulary,1,who,kto
Basic Vocabulary,1,get,dostać
Basic Vocabulary,1,if,jeśli
Basic Vocabulary,1,would,by
Basic Vocabulary,1,her,jej
Basic Vocabulary,1,all,wszystko
Basic Vocabulary,1,my,mój
Basic Vocabulary,1,make,zrobić
Basic Vocabulary,1,about,o
Basic Vocabulary,1,know,wiedzieć
Basic Vocabulary,1,will,będzie
Basic Vocabulary,1,as,jak
Basic Vocabulary,1,up,do góry
Basic Vocabulary,1,one,jeden
Basic Vocabulary,1,time,czas
Basic Vocabulary,1,there,tam
Basic Vocabulary,1,year,rok
Basic Vocabulary,1,so,więc
Basic Vocabulary,1,think,myśleć
Basic Vocabulary,1,when,kiedy
Basic Vocabulary,1,which,który
Basic Vocabulary,1,them,ich
Basic Vocabulary,1,some,niektóry
Basic Vocabulary,1,me,mnie
Basic Vocabulary,1,people,ludzie
Basic Vocabulary,1,take,brać
Basic Vocabulary,1,out,na zewnątrz
Basic Vocabulary,1,into,do
Basic Vocabulary,1,just,tylko
Basic Vocabulary,1,see,zobaczyć
Basic Vocabulary,1,him,mu
Basic Vocabulary,1,your,twój
Basic Vocabulary,1,come,przyjść
Basic Vocabulary,1,could,mógł
Basic Vocabulary,1,now,teraz
Basic Vocabulary,1,than,niż
Basic Vocabulary,1,like,lubić
Basic Vocabulary,1,other,inny
Basic Vocabulary,1,how,jak
Basic Vocabulary,1,then,potem
Basic Vocabulary,1,its,jego
Basic Vocabulary,1,our,nasz
Basic Vocabulary,1,two,dwa
Basic Vocabulary,1,more,więcej
Basic Vocabulary,1,these,te
Basic Vocabulary,1,want,chcieć
Basic Vocabulary,1,way,droga
Basic Vocabulary,1,look,patrzeć
Basic Vocabulary,1,first,pierwszy
Basic Vocabulary,1,also,też
Basic Vocabulary,1,new,nowy
Basic Vocabulary,1,because,ponieważ
Basic Vocabulary,1,day,dzień
Basic Vocabulary,1,more,więcej
Basic Vocabulary,1,use,używać
Basic Vocabulary,1,no,nie
Basic Vocabulary,1,man,mężczyzna
Basic Vocabulary,1,find,znaleźć
Basic Vocabulary,1,here,tutaj
Basic Vocabulary,1,thing,rzecz
Basic Vocabulary,1,give,dać
Basic Vocabulary,1,many,wiele
Basic Vocabulary,1,well,dobrze
Basic Vocabulary,1,only,tylko
Basic Vocabulary,1,those,ci
Basic Vocabulary,1,tell,powiedzieć
Basic Vocabulary,1,one,jeden
Basic Vocabulary,1,very,bardzo
Basic Vocabulary,1,her,jej
Basic Vocabulary,1,even,nawet
Basic Vocabulary,1,back,z powrotem
Basic Vocabulary,1,any,jakiś
Basic Vocabulary,1,good,dobry
Basic Vocabulary,1,woman,kobieta
Basic Vocabulary,1,through,przez
Basic Vocabulary,1,us,nas
Basic Vocabulary,1,life,życie
Basic Vocabulary,1,child,dziecko
Basic Vocabulary,1,work,praca
Basic Vocabulary,1,down,na dół
Basic Vocabulary,1,may,móc
Basic Vocabulary,1,after,po
Basic Vocabulary,1,should,powinien
Basic Vocabulary,1,call,dzwonić
Basic Vocabulary,1,world,świat
Basic Vocabulary,1,over,nad
Basic Vocabulary,1,school,szkoła
Basic Vocabulary,1,still,jeszcze
Basic Vocabulary,1,try,próbować
Basic Vocabulary,1,in,do
Basic Vocabulary,1,as,jak
Basic Vocabulary,1,last,ostatni
Basic Vocabulary,1,ask,pytać
Basic Vocabulary,1,need,potrzebować
Basic Vocabulary,1,too,zbyt
Basic Vocabulary,1,feel,czuć
Basic Vocabulary,1,three,trzy
Basic Vocabulary,1,state,stan
Basic Vocabulary,1,never,nie
Basic Vocabulary,1,become,stać się
Basic Vocabulary,1,between,pomiędzy
Basic Vocabulary,1,high,wysoki
Basic Vocabulary,1,really,naprawdę
Basic Vocabulary,1,something,coś
Basic Vocabulary,1,most,najwięcej
Basic Vocabulary,1,another,inny
Basic Vocabulary,1,much,dużo
Basic Vocabulary,1,family,rodzina
Basic Vocabulary,1,own,własny
Basic Vocabulary,1,outside,na zewnątrz
Basic Vocabulary,1,leave,zostawić
Basic Vocabulary,1,put,położyć
Basic Vocabulary,1,old,stary
Basic Vocabulary,1,while,czas
Basic Vocabulary,1,mean,znaczyć
Basic Vocabulary,1,on,na
Basic Vocabulary,1,keep,zachować
Basic Vocabulary,1,student,student
Basic Vocabulary,1,why,dlaczego
Basic Vocabulary,1,let,pozwolić
Basic Vocabulary,1,great,wielki
Basic Vocabulary,1,same,ten sam
Basic Vocabulary,1,big,duży
Basic Vocabulary,1,group,grupa
Basic Vocabulary,1,begin,zacząć
Basic Vocabulary,1,seem,wydawać się
Basic Vocabulary,1,country,kraj
Basic Vocabulary,1,help,pomoc
Basic Vocabulary,1,talk,rozmawiać
Basic Vocabulary,1,where,gdzie
Basic Vocabulary,1,turn,skręcić
Basic Vocabulary,1,problem,problem
Basic Vocabulary,1,every,każdy
Basic Vocabulary,1,start,zacząć
Basic Vocabulary,1,hand,ręka
Basic Vocabulary,1,might,móc
Basic Vocabulary,1,American,amerykański
Basic Vocabulary,1,show,pokazać
Basic Vocabulary,1,part,część
Basic Vocabulary,1,about,o
Basic Vocabulary,1,against,przeciwko
Basic Vocabulary,1,place,miejsce
Basic Vocabulary,1,over,nad
Basic Vocabulary,1,such,taki
Basic Vocabulary,1,again,znowu
Basic Vocabulary,1,few,mało
Basic Vocabulary,1,case,sprawa
Basic Vocabulary,1,most,najwięcej
Basic Vocabulary,1,week,tydzień
Basic Vocabulary,1,company,kompania
Basic Vocabulary,1,where,gdzie
Basic Vocabulary,1,system,system
Basic Vocabulary,1,each,każdy
Basic Vocabulary,1,right,prawy
Basic Vocabulary,1,program,program
Basic Vocabulary,1,hear,słyszeć
Basic Vocabulary,1,so,więc
Basic Vocabulary,1,question,pytanie
Basic Vocabulary,1,during,podczas
Basic Vocabulary,1,work,praca
Basic Vocabulary,1,play,grać
Basic Vocabulary,1,government,rząd
Basic Vocabulary,1,run,biegać
Basic Vocabulary,1,small,mały
Basic Vocabulary,1,number,liczba
Basic Vocabulary,1,off,wyłączony
Basic Vocabulary,1,always,zawsze
Basic Vocabulary,1,move,ruch
Basic Vocabulary,1,night,noc
Basic Vocabulary,1,live,żyć
Basic Vocabulary,1,mr,pan
Basic Vocabulary,1,point,punkt
Basic Vocabulary,1,believe,uwierzyć
Basic Vocabulary,1,hold,utrzymać
Basic Vocabulary,1,today,dzisiaj
Basic Vocabulary,1,bring,przynieść
Basic Vocabulary,1,happen,zdarzyć się
Basic Vocabulary,1,next,następny
Basic Vocabulary,1,without,bez
Basic Vocabulary,1,before,przed
Basic Vocabulary,1,large,duży
Basic Vocabulary,1,million,milion
Basic Vocabulary,1,must,musieć
Basic Vocabulary,1,home,dom
Basic Vocabulary,1,under,pod
Basic Vocabulary,1,water,woda
Basic Vocabulary,1,room,pokój
Basic Vocabulary,1,write,pisać
Basic Vocabulary,1,mother,matka
Basic Vocabulary,1,area,obszar
Basic Vocabulary,1,national,narodowy
Basic Vocabulary,1,money,pieniądze
Basic Vocabulary,1,story,opowieść
Basic Vocabulary,1,young,młody
Basic Vocabulary,1,fact,fakt
Basic Vocabulary,1,month,miesiąc
Basic Vocabulary,1,different,inny
Basic Vocabulary,1,lot,dużo
Basic Vocabulary,1,right,prawy
Basic Vocabulary,1,study,studia
Basic Vocabulary,1,book,książka
Basic Vocabulary,1,eye,oko
Basic Vocabulary,1,job,praca
Basic Vocabulary,1,word,słowo
Basic Vocabulary,1,though,choć
Basic Vocabulary,1,business,biznes
Basic Vocabulary,1,issue,problem
Basic Vocabulary,1,side,strona
Basic Vocabulary,1,kind,rodzaj
Basic Vocabulary,1,four,cztery
Basic Vocabulary,1,head,głowa
Basic Vocabulary,1,far,daleko
Basic Vocabulary,1,black,czarny
Basic Vocabulary,1,long,długi
Basic Vocabulary,1,both,oba
Basic Vocabulary,1,little,mały
Basic Vocabulary,1,house,dom
Basic Vocabulary,1,yes,tak
Basic Vocabulary,1,after,po
Basic Vocabulary,1,since,od
Basic Vocabulary,1,long,długi
Basic Vocabulary,1,provide,zapewnić
Basic Vocabulary,1,service,usługa
Basic Vocabulary,1,around,wokół
Basic Vocabulary,1,friend,przyjaciel
Basic Vocabulary,1,important,ważny
Basic Vocabulary,1,father,ojciec
Basic Vocabulary,1,sit,siedzieć
Basic Vocabulary,1,away,z dala
Basic Vocabulary,1,until,aż
Basic Vocabulary,1,power,moc
Basic Vocabulary,1,hour,godzina
Basic Vocabulary,1,game,gra
Basic Vocabulary,1,often,często
Basic Vocabulary,1,yet,jeszcze
Basic Vocabulary,1,line,linia
Basic Vocabulary,1,end,koniec
Basic Vocabulary,1,member,członek
Basic Vocabulary,1,law,prawo
Basic Vocabulary,1,car,samochód
Basic Vocabulary,1,set,zestaw
Basic Vocabulary,1,community,społeczność
Basic Vocabulary,1,name,imię
Basic Vocabulary,1,team,drużyna
Basic Vocabulary,1,minute,minuta
Basic Vocabulary,1,idea,pomysł
Basic Vocabulary,1,kid,dziecko
Basic Vocabulary,1,body,ciało
Basic Vocabulary,1,information,informacja
Basic Vocabulary,1,back,plecy
Basic Vocabulary,1,parent,rodzic
Basic Vocabulary,1,face,twarz
Basic Vocabulary,1,others,inny
Basic Vocabulary,1,level,poziom
Basic Vocabulary,1,office,biuro
Basic Vocabulary,1,door,drzwi
Basic Vocabulary,1,health,zdrowie
Basic Vocabulary,1,person,osoba
Basic Vocabulary,1,art,sztuka
Basic Vocabulary,1,war,wojna
Basic Vocabulary,1,history,historia
Basic Vocabulary,1,party,partia
Basic Vocabulary,1,within,within
Basic Vocabulary,1,grow,rosnąć
Basic Vocabulary,1,result,wynik
Basic Vocabulary,1,open,otwarty
Basic Vocabulary,1,change,zmiana
Basic Vocabulary,1,morning,ranek
Basic Vocabulary,1,walk,chodzić
Basic Vocabulary,1,reason,powód
Basic Vocabulary,1,low,niski
Basic Vocabulary,1,win,wygrać
Basic Vocabulary,1,research,badania
Basic Vocabulary,1,guy,facet
Basic Vocabulary,1,early,wcześnie
Basic Vocabulary,1,food,jedzenie
Basic Vocabulary,1,air,powietrze
Basic Vocabulary,1,force,siła
Basic Vocabulary,1,education,edukacja
Basic Vocabulary,1,foot,stopa
Basic Vocabulary,1,second,drugi
Basic Vocabulary,1,boy,chłopiec
Basic Vocabulary,1,maybe,może
Basic Vocabulary,1,toward,do
Basic Vocabulary,1,able,zdatny
Basic Vocabulary,1,age,wieczny
Basic Vocabulary,1,policy,polityka
Basic Vocabulary,1,everything,wszystko
Basic Vocabulary,1,love,miłość
Basic Vocabulary,1,process,proces
Basic Vocabulary,1,music,muzyka
Basic Vocabulary,1,including,w tym
Basic Vocabulary,1,consider,rozważyć
Basic Vocabulary,1,appear,pojawić się
Basic Vocabulary,1,actually,w rzeczywistości
Basic Vocabulary,1,buy,kupować
Basic Vocabulary,1,probably,prawdopodobnie
Basic Vocabulary,1,human,człowiek
Basic Vocabulary,1,wait,czekać
Basic Vocabulary,1,serve,służyć
Basic Vocabulary,1,market,rynek
Basic Vocabulary,1,die,umierać
Basic Vocabulary,1,send,wysyłać
Basic Vocabulary,1,expect,spodziewać się
Basic Vocabulary,1,home,dom
Basic Vocabulary,1,sense,sens
Basic Vocabulary,1,build,budować
Basic Vocabulary,1,stay,zostać
Basic Vocabulary,1,fall,upaść
Basic Vocabulary,1,oh,och
Basic Vocabulary,1,nation,naród
Basic Vocabulary,1,plan,plan
Basic Vocabulary,1,cut,cięcie
Basic Vocabulary,1,college,college
Basic Vocabulary,1,interest,interes
Basic Vocabulary,1,death,śmierć
Basic Vocabulary,1,course,kurs
Basic Vocabulary,1,someone,ktoś
Basic Vocabulary,1,experience,doświadczenie
Basic Vocabulary,1,behind,za
Basic Vocabulary,1,reach,osiągnąć
Basic Vocabulary,1,local,lokalny
Basic Vocabulary,1,kill,zabić
Basic Vocabulary,1,six,sześć
Basic Vocabulary,1,remain,pozostawać
Basic Vocabulary,1,effect,efekt
Basic Vocabulary,1,use,korzystać
Basic Vocabulary,1,yeah,tak
Basic Vocabulary,1,suggest,sugerować
Basic Vocabulary,1,class,klasa
Basic Vocabulary,1,control,controla
Basic Vocabulary,1,raise,zbierać
Basic Vocabulary,1,care,troska
Basic Vocabulary,1,perhaps,może
Basic Vocabulary,1,little,mały
Basic Vocabulary,1,late,spóźniony
Basic Vocabulary,1,hard,twardy
Basic Vocabulary,1,field,pole
Basic Vocabulary,1,else,inny
Basic Vocabulary,1,pass,przechodzić
Basic Vocabulary,1,former,dawny
Basic Vocabulary,1,sell,sprzedawać
Basic Vocabulary,1,major,główny
Basic Vocabulary,1,sometimes,czasami
Basic Vocabulary,1,require,wymagać
Basic Vocabulary,1,along,wzdłuż
Basic Vocabulary,1,development,rozwój
Basic Vocabulary,1,themselves,sami
Basic Vocabulary,1,report,raport
Basic Vocabulary,1,role,rola
Basic Vocabulary,1,better,lepszy
Basic Vocabulary,1,economic,ekonomiczny
Basic Vocabulary,1,effort,starannie
Basic Vocabulary,1,upward,w górę
Basic Vocabulary,1,decide,zdecydować
Basic Vocabulary,1,rate,stopa
Basic Vocabulary,1,strong,silny
Basic Vocabulary,1,possible,możliwy
Basic Vocabulary,1,heart,serce
Basic Vocabulary,1,drug,narkotyk
Basic Vocabulary,1,show,pokazać
Basic Vocabulary,1,leader,przywódca
Basic Vocabulary,1,light,światło
Basic Vocabulary,1,voice,głos
Basic Vocabulary,1,wife,żona
Basic Vocabulary,1,whole,cały
Basic Vocabulary,1,police,policja
Basic Vocabulary,1,mind,umysł
Basic Vocabulary,1,finally,w końcu
Basic Vocabulary,1,pull,ciągnąć
Basic Vocabulary,1,return,wrócić
Basic Vocabulary,1,free,za darmo
Basic Vocabulary,1,military,wojsko
Basic Vocabulary,1,price,cena
Basic Vocabulary,1,report,raport
Basic Vocabulary,1,less,mniej
Basic Vocabulary,1,according,według
Basic Vocabulary,1,decision,dec
Basic Vocabulary,1,explain,wyjaśnić
Basic Vocabulary,1,son,syn
Basic Vocabulary,1,hope,nadzieja
Basic Vocabulary,1,develop,rozwijać
Basic Vocabulary,1,view,widok
Basic Vocabulary,1,relationship,relacja
Basic Vocabulary,1,cary,nosić
Basic Vocabulary,1,town,miasto
Basic Vocabulary,1,road,droga
Basic Vocabulary,1,drive,prowadzić
Basic Vocabulary,1,arm,ramię
Basic Vocabulary,1,true,prawda
Basic Vocabulary,1,federal,federalny
Basic Vocabulary,1,break,przerwa
Basic Vocabulary,1,difference,różnica
Basic Vocabulary,1,thank,dziękuję
Basic Vocabulary,1,receive,otrzymać
Basic Vocabulary,1,value,wartość
Basic Vocabulary,1,international,międzynarodowy
Basic Vocabulary,1,building,budynek
Basic Vocabulary,1,action,akcja
Basic Vocabulary,1,full,pełny
Basic Vocabulary,1,model,model
Basic Vocabulary,1,join,dołączyć
Basic Vocabulary,1,season,sezon
Basic Vocabulary,1,society,społeczeństwo
Basic Vocabulary,1,tax,podatek
Basic Vocabulary,1,direct,bezpośredni
Basic Vocabulary,1,position,pozycja
Basic Vocabulary,1,player,gracz
Basic Vocabulary,1,agree,zgadzać się
Basic Vocabulary,1,especially,szczególnie
Basic Vocabulary,1,record,rejestr
Basic Vocabulary,1,pick,wybierać
Basic Vocabulary,1,wear,nosić
Basic Vocabulary,1,paper,papier
Basic Vocabulary,1,special,szczególny
Basic Vocabulary,1,space,przestrzeń
Basic Vocabulary,1,ground,ziemia
Basic Vocabulary,1,form,forma
Basic Vocabulary,1,support,wspierać
Basic Vocabulary,1,event,wydarzenie
Basic Vocabulary,1,official,oficjalny
Basic Vocabulary,1,whose,czyj
Basic Vocabulary,1,matter,sprawa
Basic Vocabulary,1,everyone,każdy
Basic Vocabulary,1,center,centrum
Basic Vocabulary,1,couple,para
Basic Vocabulary,1,site,strona
Basic Vocabulary,1,end,koniec
Basic Vocabulary,1,project,projekt
Basic Vocabulary,1,hit,uderzenie
Basic Vocabulary,1,base,podstawa
Basic Vocabulary,1,activity,aktywność
Basic Vocabulary,1,star,gwiazda
Basic Vocabulary,1,table,stół
Basic Vocabulary,1,need,potrzebować
Basic Vocabulary,1,court,sąd
Basic Vocabulary,1,produce,produkować
Basic Vocabulary,1,eat,jeść
Basic Vocabulary,1,teach,nauczać
Basic Vocabulary,1,oil,olej
Basic Vocabulary,1,half,połowa
Basic Vocabulary,1,situation,sytuacja
Basic Vocabulary,1,easy,łatwo
Basic Vocabulary,1,cost,koszt
Basic Vocabulary,1,industry,przemysł
Basic Vocabulary,1,figure,figura
Basic Vocabulary,1,street,ulica
Basic Vocabulary,1,image,obraz
Basic Vocabulary,1,itself,samo
Basic Vocabulary,1,phone,telefon
Basic Vocabulary,1,either,albo
Basic Vocabulary,1,cover,okładka
Basic Vocabulary,1,quite,dość
Basic Vocabulary,1,picture,obraz
Basic Vocabulary,1,clear,jasny
Basic Vocabulary,1,practice,praktyka
Basic Vocabulary,1,piece,kawałek
Basic Vocabulary,1,land,ziemia
Basic Vocabulary,1,recent,ostatni
Basic Vocabulary,1,describe,opisać
Basic Vocabulary,1,product,produkt
Basic Vocabulary,1,doctor,doktor
Basic Vocabulary,1,wall,ściana
Basic Vocabulary,1,patient,uczestnik
Basic Vocabulary,1,worker,pracownik
Basic Vocabulary,1,newspaper,gazeta
Basic Vocabulary,1,test,test
Basic Vocabulary,1,move,ruch
Basic Vocabulary,1,voice,głos
Basic Vocabulary,1,note,notatka
Basic Vocabulary,1,sound,dźwięk
Basic Vocabulary,1,book,książka
Basic Vocabulary,1,wind,wiatr
Basic Vocabulary,1,inside,wewnątrz
Basic Vocabulary,1,recently,ostatnio
Basic Vocabulary,1,meeting,spotkanie
Basic Vocabulary,1,prepare,przygotować
Basic Vocabulary,1,hang,zawiesić
Basic Vocabulary,1,weight,ciężar
Basic Vocabulary,1,drop,upadek
Basic Vocabulary,1,upon,na
Basic Vocabulary,1,plant,roślina
Basic Vocabulary,1,floor,piętro
Basic Vocabulary,1,plan,plan
Basic Vocabulary,1,car,samochód
Basic Vocabulary,1,buy,kupować
Basic Vocabulary,1,return,wrócić
Basic Vocabulary,1,explain,wyjaśnić
Basic Vocabulary,1,develop,rozwijać
Basic Vocabulary,1,dry,suchy
Basic Vocabulary,1,difficulty,trudność
Basic Vocabulary,1,window,okno
Basic Vocabulary,1,population,populacja
Basic Vocabulary,1,scientific,naukowy
Basic Vocabulary,1,balance,równowaga
Basic Vocabulary,1,forest,las
Basic Vocabulary,1,camera,aparat
Basic Vocabulary,1,structure,struktura
Basic Vocabulary,1,case,przypadek
Basic Vocabulary,1,center,centrum
Basic Vocabulary,1,character,postać
Basic Vocabulary,1,agency,agencja
Basic Vocabulary,1,choice,wybór
Basic Vocabulary,1,statement,zdanie
Basic Vocabulary,1,blue,niebieski
Basic Vocabulary,1,court,sąd
Basic Vocabulary,1,sport,sport
Basic Vocabulary,1,board,deska
Basic Vocabulary,1,animal,zwierzę
Basic Vocabulary,1,method,metoda
Basic Vocabulary,1,personal,osobisty
Basic Vocabulary,1,appear,pojawić się
Basic Vocabulary,1,manager,kierownik
Basic Vocabulary,1,insurance,ubezpieczenie
Basic Vocabulary,1,position,pozycja
Basic Vocabulary,1,cover,okładka
Basic Vocabulary,1,write,pisać
Basic Vocabulary,1,boy,chłopiec
Basic Vocabulary,1,decade,dekada
Basic Vocabulary,1,face,twarz
Basic Vocabulary,1,garden,ogród
Basic Vocabulary,1,couple,para
Basic Vocabulary,1,produce,produkować
Basic Vocabulary,1,sell,sprzedawać
Basic Vocabulary,1,remain,pozostawać
Basic Vocabulary,1,eight,osiem
Basic Vocabulary,1,unit,jednostka
Basic Vocabulary,1,doctor,doktor
Basic Vocabulary,1,leader,przywódca
Basic Vocabulary,1,paper,papier
Basic Vocabulary,1,model,model
Basic Vocabulary,1,office,biuro
Basic Vocabulary,1,section,sekcja
Basic Vocabulary,1,paper,papier
Basic Vocabulary,1,condition,warunek
Basic Vocabulary,1,hospital,szpital
Basic Vocabulary,1,dead,umarły
Basic Vocabulary,1,finish,koniec
Basic Vocabulary,1,fine,dobry
Basic Vocabulary,1,department,wydział
Basic Vocabulary,1,adult,dorosły
Basic Vocabulary,1,religious,religijny
Basic Vocabulary,1,standard,standardowy
Basic Vocabulary,1,date,data
Basic Vocabulary,1,position,pozycja
Basic Vocabulary,1,hope,nadzieja
Basic Vocabulary,1,paper,papier
Basic Vocabulary,1,research,badania
Basic Vocabulary,1,public,publiczny
Basic Vocabulary,1,conference,konferencja
Basic Vocabulary,1,evidence,dowód
Basic Vocabulary,1,score,wynik
Basic Vocabulary,1,college,college
Basic Vocabulary,1,eye,oko
Basic Vocabulary,1,gun,broń
Basic Vocabulary,1,image,obraz
Basic Vocabulary,1,attorney,prawnik
Basic Vocabulary,1,loss,strata
Basic Vocabulary,1,task,zadanie
Basic Vocabulary,1,compare,porównać
Basic Vocabulary,1,evening,wieczór
Basic Vocabulary,1,discuss,dyskutować
Basic Vocabulary,1,accept,akceptować
Basic Vocabulary,1,owner,właściciel
Basic Vocabulary,1,parking,parking
Basic Vocabulary,1,occur,wystąpić
Basic Vocabulary,1,patient,pacjent
Basic Vocabulary,1,remove,usunąć
Basic Vocabulary,1,full,pełny
Basic Vocabulary,1,television,telewizja
Basic Vocabulary,1,physical,fizyczny
Basic Vocabulary,1,annual,roczny
Basic Vocabulary,1,main,główny
Basic Vocabulary,1,head,głowa
Basic Vocabulary,1,bed,łóżko
Basic Vocabulary,1,amount,ilość
Basic Vocabulary,1,economy,gospodarka
Basic Vocabulary,1,medical,medyczny
Basic Vocabulary,1,check,sprawdzać
Basic Vocabulary,1,treat,traktować
Basic Vocabulary,1,trip,podróż
Basic Vocabulary,1,dance,taniec
Basic Vocabulary,1,stuff,rzeczy
Basic Vocabulary,1,throw,rzuć
Basic Vocabulary,1,catch,złapać
Basic Vocabulary,1,explain,wyjaśnić
Basic Vocabulary,1,wave,fala
Basic Vocabulary,1,oil,olej
Basic Vocabulary,1,sign,znak
Basic Vocabulary,1,hospital,szpital
Basic Vocabulary,1,dark,ciemny
Basic Vocabulary,1,cost,koszt
Basic Vocabulary,1,woman,kobieta
Basic Vocabulary,1,song,piosenka
Basic Vocabulary,1,trip,podróż
Basic Vocabulary,1,afternoon,popołudnie
Basic Vocabulary,1,lunch,obiad
Basic Vocabulary,1,visit,odwiedzić
Basic Vocabulary,1,sport,sport
Basic Vocabulary,1,opinion,opinia
Basic Vocabulary,1,painting,malarstwo
Basic Vocabulary,1,model,model
Basic Vocabulary,1,box,pudełko
Basic Vocabulary,1,complete,kompletny
Basic Vocabulary,1,equipment,wyposażenie
Basic Vocabulary,1,doubt, wątpić
Basic Vocabulary,1,travel,podróż
Basic Vocabulary,1,friend,przyjaciel
Basic Vocabulary,1,discussion,dyskusja
Basic Vocabulary,1,rule,zasada
Basic Vocabulary,1,direct,bezpośredni
Basic Vocabulary,1,hit,uderzenie
Basic Vocabulary,1,food,jedzenie
Basic Vocabulary,1,bed,łóżko
Basic Vocabulary,1,road,droga
Basic Vocabulary,1,duty,obowiązek
Basic Vocabulary,1,truth,prawda
Basic Vocabulary,1,lot,dużo
Basic Vocabulary,1,husband,mąż
Basic Vocabulary,1,impact,wpływ
Basic Vocabulary,1,train,pociąg
Basic Vocabulary,1,kitchen,kuchnia
Basic Vocabulary,1,blue,niebieski
Basic Vocabulary,1,press,nacisnąć
Basic Vocabulary,1,progress,postęp
Basic Vocabulary,1,author,autor
Basic Vocabulary,1,stress,stres
Basic Vocabulary,1,individual,osobnik
Basic Vocabulary,1,request,prośba
Basic Vocabulary,1,argument,argument
Basic Vocabulary,1,attack,atak
Basic Vocabulary,1,fish,ryba
Basic Vocabulary,1,television,telewizja
Basic Vocabulary,1,culture,kultura
Basic Vocabulary,1,academy,akademia
Basic Vocabulary,1,relationship,relacja
Basic Vocabulary,1,edge,krawędź
Basic Vocabulary,1,conference,konferencja
Basic Vocabulary,1,competition,konkurs
Basic Vocabulary,1,hotel,hotel
Basic Vocabulary,1,stand,stać
Basic Vocabulary,1,tree,drzewo
Basic Vocabulary,1,question,pytanie
Basic Vocabulary,1,hotel,hotel
Basic Vocabulary,1,involve,obejmować
Basic Vocabulary,1,shape,kształt
Basic Vocabulary,1,equipment,wyposażenie
Basic Vocabulary,1,attempt,próba
Basic Vocabulary,1,graduate,absolwent
Basic Vocabulary,1,hotel,hotel
Basic Vocabulary,1,sun,słońce
Basic Vocabulary,1,certain,pewne
Basic Vocabulary,1,recognize,rozpoznać
Basic Vocabulary,1,blue,niebieski
Basic Vocabulary,1,push,pchać
Basic Vocabulary,1,assume,przyjmować
Basic Vocabulary,1,increase,zwiększać
Basic Vocabulary,1,cash,gotówka
Basic Vocabulary,1,operation,operacja
Basic Vocabulary,1,property,nieruchomość
Basic Vocabulary,1,amazing,niesamowity
Basic Vocabulary,1,ticket,bilet
Basic Vocabulary,1,spring,wiosna
Basic Vocabulary,1,edge,krawędź
Basic Vocabulary,1,fish,ryba
Basic Vocabulary,1,weight,ciężar
Basic Vocabulary,1,accident,wypadek
Basic Vocabulary,1,document,dokument
Basic Vocabulary,1,search,szukaj
Basic Vocabulary,1,environment,środowisko
Basic Vocabulary,1,author,autor
Basic Vocabulary,1,agent,agent
Basic Vocabulary,1,location,lokalizacja
Basic Vocabulary,1,partner,partner
Basic Vocabulary,1,clothing,odzież
Basic Vocabulary,1,advertisement,ogłoszenie
Basic Vocabulary,1,surprise,niespodzianka
Basic Vocabulary,1,fresh,świeży
Basic Vocabulary,1,presentation,prezentacja
Basic Vocabulary,1,leather,skórzany
Basic Vocabulary,1,guest,gość
Basic Vocabulary,1,pound,funt
Basic Vocabulary,1,salt,sól
Basic Vocabulary,1,drink,picie
Basic Vocabulary,1,illness,choroba
Basic Vocabulary,1,lead,prowadzić
Basic Vocabulary,1,rain,deszcz
Basic Vocabulary,1,purpose,cel
Basic Vocabulary,1,football,piłka nożna
Basic Vocabulary,1,holiday,święto
Basic Vocabulary,1,dinner,obiad
Basic Vocabulary,1,print,druk
Basic Vocabulary,1,manager,kierownik
Basic Vocabulary,1,paper,papier
Basic Vocabulary,1,remove,usunąć
Basic Vocabulary,1,behavior,zachowanie
Basic Vocabulary,1,attitude,postawa
Basic Vocabulary,1,cash,gotówka
Basic Vocabulary,1,match,mecz
Basic Vocabulary,1,serious,poważny
Basic Vocabulary,1,single,pojedynczy
Basic Vocabulary,1,campaign,kampania
Basic Vocabulary,1,loan,pożyczka
Basic Vocabulary,1,meal,posiłek
Basic Vocabulary,1,brain,mózg
Basic Vocabulary,1,memory,pamięć
Basic Vocabulary,1,bird,ptak
Basic Vocabulary,1,imagine,wyobrażać sobie
Basic Vocabulary,1,flat,platforma
Basic Vocabulary,1,sand,piasek
Basic Vocabulary,1,goal,cel
Basic Vocabulary,1,circle,okrąg
Basic Vocabulary,1,interview,wywiad
Basic Vocabulary,1,expense,wydatek
Basic Vocabulary,1,science,nauka
Basic Vocabulary,1,quarter,ćwierć
Basic Vocabulary,1,avenue,aleja
Basic Vocabulary,1,earn,zarabiać
Basic Vocabulary,1,loan,pożyczka
Basic Vocabulary,1,quarter,ćwierć
Basic Vocabulary,1,frame,ramka
Basic Vocabulary,1,sky,niebo
Basic Vocabulary,1,legal,legalne
Basic Vocabulary,1,democratic,demokratyczny
Basic Vocabulary,1,attempt,próba
Basic Vocabulary,1,environment,środowisko
Basic Vocabulary,1,legal,legalne
Basic Vocabulary,1,election,wybór
Basic Vocabulary,1,demand,popyt
Basic Vocabulary,1,profit,zysk
Basic Vocabulary,1,crowd,tłum
Basic Vocabulary,1,born,urodzony
Basic Vocabulary,1,bell,dzwonek
Basic Vocabulary,1,protection,ochrona
Basic Vocabulary,1,whom,komu
Basic Vocabulary,1,attend,brać udział
Basic Vocabulary,1,clearly,jasno
Basic Vocabulary,1,wash,myć
Basic Vocabulary,1,bit,bit
Basic Vocabulary,1,category,kategoria
Basic Vocabulary,1,additional,dodatkowy
Basic Vocabulary,1,mission,misja
Basic Vocabulary,1,agency,agencja
Basic Vocabulary,1,clerk,urzędnik
Basic Vocabulary,1,search,szukaj
Basic Vocabulary,1,cup,kubek
Basic Vocabulary,1,sign,znak
Basic Vocabulary,1,crop,plon
Basic Vocabulary,1,journalist,dziennikarz
Basic Vocabulary,1,injury,obrażenia
Basic Vocabulary,1,agent,agent
Basic Vocabulary,1,surprise,niespodzianka
Basic Vocabulary,1,advertisement,ogłoszenie
Basic Vocabulary,1,also,też
Basic Vocabulary,1,society,społeczeństwo
Basic Vocabulary,1,appearance,wygląd
Basic Vocabulary,1,conflict,konflikt
Basic Vocabulary,1,activity,aktywność
Basic Vocabulary,1,rule,zasada
Basic Vocabulary,1,behavior,zachowanie
Basic Vocabulary,1,clerk,urzędnik
Basic Vocabulary,1,performance,wyniki
Basic Vocabulary,1,requirement,wymagania
Basic Vocabulary,1,appointment,spotkanie
Basic Vocabulary,1,incident,incydent
Basic Vocabulary,1,evidence,dowód
Basic Vocabulary,1,attitude,postawa
Basic Vocabulary,1,fish,ryba
Basic Vocabulary,1,exercise,ćwiczenie
Basic Vocabulary,1,kitchen,kuchnia
Basic Vocabulary,1,cup,kubek
Basic Vocabulary,1,profile,profil
Basic Vocabulary,1,evening,wieczór
Basic Vocabulary,1,travel,podróż
Basic Vocabulary,1,form,forma
Basic Vocabulary,1,wind,wiatr
Basic Vocabulary,1,request,prośba
Basic Vocabulary,1,volunteer,ochotnik
Basic Vocabulary,1,agency,agencja
Basic Vocabulary,1,politician,polityk
Basic Vocabulary,1,sand,piasek
Basic Vocabulary,1,associate,kojarzyć
Basic Vocabulary,1,weight,ciężar
Basic Vocabulary,1,brain,mózg
Basic Vocabulary,1,sky,niebo
Basic Vocabulary,1,insurance,ubezpieczenie
Basic Vocabulary,1,soil,gleba
Basic Vocabulary,1,storm,burza
Basic Vocabulary,1,match,mecz
Basic Vocabulary,1,daily,każdego dnia
Basic Vocabulary,1,positive,pozytywny
Basic Vocabulary,1,annual,roczny
Basic Vocabulary,1,clerk,urzędnik
Basic Vocabulary,1,steel,stal
Basic Vocabulary,1,far,daleko
Basic Vocabulary,1,smooth,gładki
Basic Vocabulary,1,gold,złoto
Basic Vocabulary,1,village,wioska
Basic Vocabulary,1,salt,sól
Basic Vocabulary,1,volunteer,ochotnik
Basic Vocabulary,1,fresh,świeży
Basic Vocabulary,1,crew,załoga
Basic Vocabulary,1,assistant,asystent
Basic Vocabulary,1,explanation,wyjaśnienie
Basic Vocabulary,1,hopefully,miejmy nadzieję
Basic Vocabulary,1,animal,zwierzę
Basic Vocabulary,1,attend,brać udział
Basic Vocabulary,1,flat,platforma
Basic Vocabulary,1,additional,dodatkowy
Basic Vocabulary,1,adult,dorosły
Basic Vocabulary,1,journalist,dziennikarz
Basic Vocabulary,1,independent,niezależny
Basic Vocabulary,1,magazine,czasopismo
Basic Vocabulary,1,mistake,błąd
Basic Vocabulary,1,regular,regularny
Basic Vocabulary,1,energy,energia
Basic Vocabulary,1,actor,aktor
Basic Vocabulary,1,accident,wypadek
Basic Vocabulary,1,speed,prędkość
Basic Vocabulary,1,speech,mowa
Basic Vocabulary,1,guitar,gitara
Basic Vocabulary,1,brain,mózg
Basic Vocabulary,1,presentation,prezentacja
Basic Vocabulary,1,agent,agent
Basic Vocabulary,1,surprise,niespodzianka
Basic Vocabulary,1,fall,upaść
Basic Vocabulary,1,piece,kawałek
Basic Vocabulary,1,fish,ryba
Basic Vocabulary,1,sun,słońce
Basic Vocabulary,1,scientific,naukowy
Basic Vocabulary,1,far,daleko
Basic Vocabulary,1,unusual,nietypowy
Basic Vocabulary,1,regular,regularny
Basic Vocabulary,1,fresh,świeży
Basic Vocabulary,1,daily,każdego dnia
Basic Vocabulary,1,trip,podróż
Basic Vocabulary,1,sky,niebo
Basic Vocabulary,1,weather,pogoda
Basic Vocabulary,1,danger,niebezpieczeństwo
Basic Vocabulary,1,imagination,wyobraźnia
Basic Vocabulary,1,soil,gleba
Basic Vocabulary,1,steel,stal
Basic Vocabulary,1,trainer,szkoleniowiec
Basic Vocabulary,1,average,średnia
Basic Vocabulary,1,smooth,gładki
Basic Vocabulary,1,soft,miękki
Basic Vocabulary,1,guitar,gitara
Basic Vocabulary,1,camera,aparat
Basic Vocabulary,1,gold,złoto
Basic Vocabulary,1,negative,negatywny
Basic Vocabulary,1,visit,odwiedzić
Basic Vocabulary,1,especially,szczególnie
Basic Vocabulary,1,product,produkt
Basic Vocabulary,1,dark,ciemny
Basic Vocabulary,1,clearly,jasno
Basic Vocabulary,1,tour,podróż
Basic Vocabulary,1,village,wioska
Basic Vocabulary,1,meal,posiłek
Basic Vocabulary,1,campaign,kampania
Basic Vocabulary,1,relief,ulga
Basic Vocabulary,1,original,oryginalny
Basic Vocabulary,1,afternoon,popołudnie
Basic Vocabulary,1,goal,cel
Basic Vocabulary,1,annual,roczny
Basic Vocabulary,1,vehicle,pojazd
Basic Vocabulary,1,imagination,wyobraźnia
Basic Vocabulary,1,environment,środowisko
Basic Vocabulary,1,copy,kopia
Basic Vocabulary,1,positive,pozytywny
Basic Vocabulary,1,produce,produkować
Basic Vocabulary,1,establish,założyć
Basic Vocabulary,1,religious,religijny
Basic Vocabulary,1,flat,platforma
Basic Vocabulary,1,achieve,osiągnąć
Basic Vocabulary,1,standard,standardowy
Basic Vocabulary,1,hit,uderzenie
Basic Vocabulary,1,wave,fala
Basic Vocabulary,1,piece,kawałek
Basic Vocabulary,1,appearance,wygląd
Basic Vocabulary,1,energy,energia
Basic Vocabulary,1,concept,pojęcie
Basic Vocabulary,1,public,publiczny
Basic Vocabulary,1,vehicle,pojazd
Basic Vocabulary,1,wonder,zastanawiać się
Basic Vocabulary,1,dark,ciemny
Basic Vocabulary,1,dark,ciemny
Basic Vocabulary,1,sign,znak
Basic Vocabulary,1,deserve,zasłużyć
Basic Vocabulary,1,competition,konkurs
Basic Vocabulary,1,positive,pozytywny
Basic Vocabulary,1,scientific,naukowy
Basic Vocabulary,1,cross,przekroczyć
Basic Vocabulary,1,potato,ziemniak
Basic Vocabulary,1,direct,bezpośredni
Basic Vocabulary,1,attempt,próba
Basic Vocabulary,1,character,postać
Basic Vocabulary,1,doubt, wątpić
Basic Vocabulary,1,relief,ulga
Basic Vocabulary,1,manager,kierownik
Basic Vocabulary,1,finish,koniec
Basic Vocabulary,1,average,średnia
Basic Vocabulary,1,sport,sport
Basic Vocabulary,1,discuss,dyskutować
Basic Vocabulary,1,provide,zapewnić
Basic Vocabulary,1,stuff,rzeczy
Basic Vocabulary,1,travel,podróż
Basic Vocabulary,1,circle,okrąg
Basic Vocabulary,1,concept,pojęcie
Basic Vocabulary,1,mission,misja
Basic Vocabulary,1,document,dokument
Basic Vocabulary,1,amazing,niesamowity
Basic Vocabulary,1,positive,pozytywny
Basic Vocabulary,1,guitar,gitara
Basic Vocabulary,1,injury,obrażenia
Basic Vocabulary,1,request,prośba
Basic Vocabulary,1,agent,agent
Basic Vocabulary,1,condition,warunek
Basic Vocabulary,1,hit,uderzenie
Basic Vocabulary,1,wonder,zastanawiać się
Basic Vocabulary,1,smooth,gładki
Basic Vocabulary,1,cross,przekroczyć
Basic Vocabulary,1,publication,publikacja
Basic Vocabulary,1,flat,platforma
Basic Vocabulary,1,soft,miękki
Basic Vocabulary,1,consist,składać się
Basic Vocabulary,1,project,projekt
Basic Vocabulary,1,relief,ulga
Basic Vocabulary,1,discussion,dyskusja
Basic Vocabulary,1,regular,regularny
Basic Vocabulary,1,concentration,koncentracja
Basic Vocabulary,1,establish,założyć
Basic Vocabulary,1,hit,uderzenie
Basic Vocabulary,1,achieve,osiągnąć
Basic Vocabulary,1,copy,kopia
Basic Vocabulary,1,scientific,naukowy
Basic Vocabulary,1,achieve,osiągnąć
Basic Vocabulary,1,relief,ulga
Basic Vocabulary,1,soft,miękki
Basic Vocabulary,1,document,dokument
Basic Vocabulary,1,goal,cel
Basic Vocabulary,1,explanation,wyjaśnienie
Basic Vocabulary,1,achieve,osiągnąć
Basic Vocabulary,1,public,publiczny
Basic Vocabulary,1,exercise,ćwiczenie
Basic Vocabulary,1,environment,środowisko
Basic Vocabulary,1,standard,standardowy
Basic Vocabulary,1,agent,agent
Basic Vocabulary,1,publication,publikacja
Basic Vocabulary,1,exercise,ćwiczenie
Basic Vocabulary,1,travel,podróż
Basic Vocabulary,1,concept,pojęcie
Basic Vocabulary,1,scientific,naukowy
Basic Vocabulary,1,character,postać
Basic Vocabulary,1,scientific,naukowy
Basic Vocabulary,1,concept,pojęcie
Basic Vocabulary,1,cross,przekroczyć
Basic Vocabulary,1,hit,uderzenie
Basic Vocabulary,1,concept,pojęcie
Basic Vocabulary,1,cross,przekroczyć
Basic Vocabulary,1,scientific,naukowy
Basic Vocabulary,1,publication,publikacja
Basic Vocabulary,1,cross,przekroczyć
Basic Vocabulary,1,exercise,ćwiczenie
Basic Vocabulary,1,scientific,naukowy
